refund_id,charge_id,refunded_at,amount_cad,reason
re_0231ebaeb541,ch_6578978aa104,2026-04-06 23:15:00,110.00,service_not_rendered
re_7277a179edd3,ch_61007a591d00,2026-04-08 14:19:18,110.00,requested_by_customer
re_8187098700bd,ch_62ce5e6d7bb6,2026-04-09 05:08:06,110.00,cancellation
re_715a62600484,ch_9103477ff54c,2026-04-09 05:52:42,110.00,requested_by_customer
re_fea11e3f6ebb,ch_292b601a5966,2026-04-09 21:13:06,134.99,requested_by_customer
re_01ae2b3aad95,ch_59783aac81b3,2026-04-10 02:49:34,120.00,service_not_rendered
re_d2a41299f56d,ch_fbfe4b5bc6a4,2026-04-10 04:41:19,150.00,requested_by_customer
re_a17c3063a4a2,ch_bc58f3b14e30,2026-04-11 02:24:33,35.85,cancellation
re_cfa3af163cac,ch_cc1aabbfb39f,2026-04-12 00:11:23,90.00,cancellation
re_eb20f509b50d,ch_489c792f2596,2026-04-12 08:51:18,95.00,cancellation
re_69dda3ae98df,ch_147dc0816e16,2026-04-12 18:10:51,110.00,cancellation
re_8f4e1d534cdf,ch_ddd6153ce582,2026-04-13 13:41:23,134.99,requested_by_customer
re_098156f1124a,ch_d7030d5e8256,2026-04-13 19:11:54,120.00,cancellation
re_4873f1cc8fc8,ch_47b4e2a9d32c,2026-04-13 21:02:21,160.00,requested_by_customer
re_e5186feb7b8b,ch_6774cb04ce57,2026-04-14 15:42:28,25.61,service_not_rendered
re_f5e3ac07c188,ch_34eab93c2b9b,2026-04-15 01:09:27,44.94,requested_by_customer
re_81eac084a1b6,ch_338ad2cdbdb6,2026-04-15 03:35:58,110.00,cancellation
re_5818cd2f2277,ch_12e96fb6ec11,2026-04-15 09:19:08,120.00,cancellation
re_9fce18b39005,ch_af575c3407bf,2026-04-15 11:41:09,81.79,requested_by_customer
re_939cde61e1fd,ch_df3e0169ea16,2026-04-15 16:32:24,95.00,requested_by_customer
re_5a39bbd35466,ch_9f3c0d20805b,2026-04-15 20:13:23,22.48,service_not_rendered
re_6708ca1f619c,ch_51b713373249,2026-04-16 00:07:50,110.00,requested_by_customer
re_b11380fbab4d,ch_5190cfb87afb,2026-04-17 00:44:10,110.00,cancellation
re_66e538de6f59,ch_dc8fd70ca8ad,2026-04-17 08:47:43,110.00,requested_by_customer
re_c73e19f9bf58,ch_0bc1d4fdaac1,2026-04-18 05:46:32,52.04,cancellation
re_33c4a7f70c20,ch_40b747ad50b9,2026-04-19 06:09:58,109.99,cancellation
re_07d050469a1b,ch_d2263f64f414,2026-04-19 06:10:57,95.00,requested_by_customer
re_7218153d3c7e,ch_46c8d93c5cfe,2026-04-19 14:33:48,150.00,requested_by_customer
re_e3b408ea318c,ch_46b73fe6e88e,2026-04-20 02:44:13,134.99,requested_by_customer
re_0ccb91758616,ch_4132b130dc31,2026-04-20 06:41:35,22.28,requested_by_customer
re_218e7c5b858e,ch_e1edcb7d9200,2026-04-21 01:31:36,150.00,service_not_rendered
re_a58af0ab4259,ch_381cef346a20,2026-04-21 04:23:31,75.00,cancellation
re_4dd7da843d3d,ch_7e14bb1de32d,2026-04-21 05:59:55,110.00,service_not_rendered
re_168f170a8599,ch_0af9088b02b2,2026-04-21 07:34:07,110.00,requested_by_customer
re_636410bc9c09,ch_501581babb64,2026-04-21 13:26:08,41.10,requested_by_customer
re_00793115e234,ch_6ca8a1cb2bb3,2026-04-21 15:29:15,45.52,service_not_rendered
re_2898972b5b43,ch_a60d1124bd27,2026-04-21 17:24:20,120.00,cancellation
re_ccde99475efc,ch_ba8a4b9a127e,2026-04-22 13:59:56,56.44,requested_by_customer
re_9d317aef8a21,ch_c4b26b0a5be8,2026-04-22 14:49:53,86.12,service_not_rendered
re_cc2b49e17058,ch_f5e5ec0542cf,2026-04-22 18:56:41,90.00,requested_by_customer
re_b5050705a91a,ch_daae8b96f0e1,2026-04-22 23:15:26,134.99,requested_by_customer
re_341e8cec57a8,ch_4cea79578738,2026-04-23 21:30:22,95.00,service_not_rendered
re_1ecd33adfe79,ch_84796bb73e4b,2026-04-24 02:53:22,95.00,requested_by_customer
re_293e36ae5eed,ch_181a1e453d72,2026-04-24 05:33:37,75.00,cancellation
re_8fd80a1dacca,ch_2af7d987e626,2026-04-25 02:29:06,110.00,requested_by_customer
re_f0876a69b23a,ch_39fa4f81906c,2026-04-25 15:22:42,120.00,cancellation
re_cdd02a3eb4ba,ch_60299b00dace,2026-04-25 21:01:21,90.00,cancellation
re_b1fd2b1815a9,ch_e57d5f5fa344,2026-04-25 23:30:02,42.38,requested_by_customer
re_a6e819b75a09,ch_7839d51d2ce0,2026-04-26 05:32:37,119.99,cancellation
re_73d61b52d5c4,ch_4d1d3b4254cc,2026-04-26 07:45:39,40.23,requested_by_customer
re_2b8f50b3593b,ch_802e7b7821ed,2026-04-26 10:03:54,75.00,cancellation
re_317ff93b125c,ch_6f531ac0e73a,2026-04-26 18:40:40,18.65,requested_by_customer
re_d52c0fcbf33f,ch_6e36a13489c4,2026-04-27 20:24:38,95.00,cancellation
re_a55283417e20,ch_7ad541d97101,2026-04-28 01:49:44,33.99,requested_by_customer
re_35dd54f4dda6,ch_6930388b3e8b,2026-04-28 05:59:19,24.50,cancellation
re_d56dd484dd59,ch_82ad1b42d88f,2026-04-28 11:10:56,160.00,cancellation
re_ba95b8d25591,ch_20476a92755d,2026-04-28 14:10:52,150.00,cancellation
re_851e8158baac,ch_edaa9fda3613,2026-04-28 15:51:24,90.00,service_not_rendered
re_3e22afa3ac3f,ch_9261e007d754,2026-04-28 17:25:48,38.13,requested_by_customer
re_6dd17ce938cd,ch_fb392a261d9f,2026-04-28 19:15:30,95.00,requested_by_customer
re_be53c3709137,ch_e3aa98d1631f,2026-04-28 20:21:28,20.00,cancellation
re_0f6752c8aaa6,ch_4a23a3e809ec,2026-04-28 21:05:14,120.00,service_not_rendered
re_752bcc658314,ch_1b5abef347fa,2026-04-29 00:32:39,95.00,requested_by_customer
re_7e185c330705,ch_1970f0e7a28d,2026-04-29 01:54:44,51.37,cancellation
re_08c9fd964dbd,ch_469ce5ef1c1b,2026-04-29 12:42:12,52.53,requested_by_customer
re_0aafdb418a9e,ch_ceea9a392316,2026-04-29 17:49:44,95.00,requested_by_customer
re_680d62cb630d,ch_db9de3b47cb2,2026-04-30 00:10:46,150.00,requested_by_customer
re_b816de140865,ch_b76c2bed3ada,2026-04-30 01:32:24,150.00,cancellation
re_29a8833cc729,ch_7522cf0a10fc,2026-04-30 01:57:12,43.24,cancellation
re_940948edb626,ch_f181eaa8e0fa,2026-04-30 02:37:36,110.00,requested_by_customer
re_7c17989def5f,ch_c84c48941939,2026-04-30 11:19:22,150.00,requested_by_customer
re_c9143f50955d,ch_e2826af13c10,2026-05-01 16:11:37,40.26,requested_by_customer
re_df655067e9ae,ch_c5a03eb630eb,2026-05-01 19:16:50,18.05,requested_by_customer
re_cd8a449148f3,ch_cb77274cf567,2026-05-02 07:54:40,110.00,cancellation
re_544826769867,ch_2c3ad9ff3ce4,2026-05-02 15:24:03,95.00,service_not_rendered
re_085aa2f477a8,ch_15b024e69c53,2026-05-03 11:38:46,110.00,requested_by_customer
re_00cabea9eab2,ch_88db692c25e3,2026-05-03 17:32:08,54.47,requested_by_customer
re_e5e592f1eb33,ch_c6b34ed1d6b7,2026-05-04 00:11:39,81.38,requested_by_customer
re_c2e9f2d16aa2,ch_c78218a3bd3e,2026-05-04 01:54:09,150.00,service_not_rendered
re_e40597db5091,ch_b09e6c6a7cb1,2026-05-04 10:23:17,25.90,cancellation
re_f9a6dfb6b6f2,ch_12b610d3ad82,2026-05-04 21:45:56,48.94,requested_by_customer
re_3a9063362834,ch_15b14723a910,2026-05-05 00:47:45,95.00,cancellation
re_a4e4a4f61d49,ch_723ec683ac76,2026-05-05 20:04:00,75.00,requested_by_customer
re_8ba322ae9a4b,ch_eb9dc0652571,2026-05-06 00:05:05,110.00,requested_by_customer
re_30efbc7513a9,ch_9a6a49ece7ec,2026-05-06 01:09:55,120.00,requested_by_customer
re_1a83500bd52b,ch_52780b31d742,2026-05-06 08:49:10,95.00,service_not_rendered
re_5acc997dd258,ch_99e4ec90f2f6,2026-05-06 12:30:58,17.84,service_not_rendered
re_2cb5716dab39,ch_d1300341dea3,2026-05-06 15:53:11,150.00,service_not_rendered
re_8e943302f8ce,ch_47bc6148d71a,2026-05-07 13:13:24,95.00,cancellation
re_04cfa325da8d,ch_5ce080ec49fc,2026-05-08 02:01:39,26.39,service_not_rendered
re_b2b77c472c48,ch_a4eac413e5d9,2026-05-08 12:24:03,110.00,cancellation
re_6180f79fdf88,ch_458c848540e3,2026-05-08 15:54:02,20.26,requested_by_customer
re_c75b62264e3f,ch_79ac1ab3e07e,2026-05-08 18:14:30,134.99,cancellation
re_3d805da9c729,ch_238aa48f5285,2026-05-09 08:21:52,90.00,service_not_rendered
re_8f829e3b3375,ch_730f0abc301a,2026-05-09 16:38:15,104.99,requested_by_customer
re_03931cbf58fa,ch_6936ec345f7c,2026-05-10 01:23:41,124.99,requested_by_customer
re_8d864695933b,ch_785f9afaf0e3,2026-05-10 07:47:41,95.00,requested_by_customer
re_ec9188f887cf,ch_53ef84d49775,2026-05-10 08:10:27,110.00,service_not_rendered
re_21c786927337,ch_855a8f1469cb,2026-05-10 14:45:55,120.00,requested_by_customer
re_7ded0e1ee8a9,ch_3001e1ef6729,2026-05-11 00:48:06,110.00,requested_by_customer
re_0e1ec3b383a6,ch_0be7a080c7b2,2026-05-11 11:16:54,32.76,requested_by_customer
re_263923801d03,ch_6072b8b0c8a1,2026-05-11 16:30:00,75.00,requested_by_customer
re_d8ad4ff815a9,ch_f3b139a1a047,2026-05-11 20:17:00,95.00,requested_by_customer
re_7a9f709fc006,ch_04ab84c1bd1d,2026-05-12 00:33:23,160.00,requested_by_customer
re_d1124b2ddcaa,ch_f135932b578d,2026-05-12 02:31:08,90.00,requested_by_customer
re_d9b2d33d4e4a,ch_527cae689ae4,2026-05-13 04:57:35,15.12,requested_by_customer
re_78ecda0a6e3d,ch_79ac82b1a959,2026-05-13 07:17:41,49.41,service_not_rendered
re_3672eb17d621,ch_8ee997006f0f,2026-05-13 08:44:05,18.34,requested_by_customer
re_cc604d00ef8b,ch_297a2b23f8c2,2026-05-13 17:51:53,95.00,requested_by_customer
re_78b199ee0c66,ch_af5aded8260a,2026-05-13 21:56:37,150.00,requested_by_customer
re_7d34e2d09fe1,ch_28b9ff70c5ea,2026-05-13 23:21:54,75.00,cancellation
re_16c3ee41d648,ch_8a429c706995,2026-05-14 07:20:49,22.98,requested_by_customer
re_5fe64c4ba75a,ch_20d4a1cac7c7,2026-05-14 10:02:07,95.00,service_not_rendered
re_490c20438e72,ch_0a96827825e3,2026-05-14 12:19:30,76.31,cancellation
re_42d5b531cb99,ch_6d44ee826cc3,2026-05-14 15:10:03,75.00,requested_by_customer
re_cf529faaa156,ch_b4bb457adee6,2026-05-14 23:34:15,40.84,requested_by_customer
re_5516fa5136d8,ch_f840346172ce,2026-05-15 16:58:58,49.75,cancellation
re_6a0f73f8f6f3,ch_b9bf63993442,2026-05-15 18:29:11,149.99,service_not_rendered
re_beaa67f76eb1,ch_44c81402e273,2026-05-16 00:20:46,36.55,cancellation
re_6fdf77f5be53,ch_2de03e21aefd,2026-05-16 14:45:15,50.20,cancellation
re_90153f786e6f,ch_e36c5bed6aab,2026-05-16 23:13:49,120.00,service_not_rendered
re_8a8b1fc7e8ca,ch_d789ce162f10,2026-05-17 06:13:41,31.78,requested_by_customer
re_81e40681a186,ch_3a7e23284f55,2026-05-17 11:02:48,95.00,requested_by_customer
re_09f003121f15,ch_5c3bc86b4150,2026-05-17 14:04:46,75.00,cancellation
re_0864b8e4731a,ch_cee2e40bb8c6,2026-05-17 20:25:35,160.00,requested_by_customer
re_b880bc0e4671,ch_af44b2131be7,2026-05-17 23:46:15,95.00,cancellation
re_24e692c3e906,ch_ca70826eb11f,2026-05-18 08:51:56,110.00,requested_by_customer
re_88f1413d56d6,ch_bfac3149abcd,2026-05-18 14:07:21,110.00,cancellation
re_843f74dd8e54,ch_4c69a8c31fc0,2026-05-18 15:33:36,19.51,service_not_rendered
re_e9960692ec82,ch_8cb8685d87c3,2026-05-19 13:25:42,75.00,requested_by_customer
re_edf9c36599d2,ch_1509348b4773,2026-05-19 20:35:52,73.48,requested_by_customer
re_8b3941f583ab,ch_bc5da80a40a9,2026-05-19 21:03:05,110.00,cancellation
re_53a98de80107,ch_6e9e130205b9,2026-05-20 01:52:21,150.00,cancellation
re_d54968cacc2b,ch_46419c7a8eea,2026-05-20 01:53:25,95.00,requested_by_customer
re_31bd66e5379a,ch_38e6c0cbca07,2026-05-20 05:57:52,95.00,service_not_rendered
re_becc75a967d9,ch_3a0f116fbeef,2026-05-20 22:21:26,75.00,requested_by_customer
re_2fe37afb1b90,ch_8d1ad71bb808,2026-05-21 04:38:21,150.00,cancellation
re_1696b592358a,ch_5d2e318463b6,2026-05-21 07:29:16,38.41,requested_by_customer
re_5f418631d1b6,ch_603414fd876a,2026-05-22 11:02:34,95.00,service_not_rendered
re_84c95b3cc3cd,ch_c3098c68727d,2026-05-22 18:02:09,95.00,requested_by_customer
re_e807f3ef49c6,ch_d04815c6fdfd,2026-05-22 20:28:19,110.00,cancellation
re_f6fae180e13c,ch_5ba88717fae9,2026-05-22 20:53:56,54.45,cancellation
re_66046b379fcc,ch_8acc4cd23109,2026-05-22 23:32:53,72.36,requested_by_customer
re_97b55485820d,ch_f3cd877ae8af,2026-05-23 04:37:37,160.00,cancellation
re_dcc962e312a8,ch_005941712c74,2026-05-23 17:59:00,66.97,service_not_rendered
re_57d1f15e6976,ch_fd9255864e36,2026-05-23 22:06:28,43.34,service_not_rendered
re_b855c754e430,ch_267bfb0d271d,2026-05-24 05:24:37,119.99,cancellation
re_86c7011b89be,ch_a67f1400128d,2026-05-24 12:03:43,95.00,requested_by_customer
re_07e2cfa2f7d5,ch_28670c80da66,2026-05-25 04:42:33,90.00,cancellation
re_80ffdb32e544,ch_229cc92f948a,2026-05-25 05:34:44,90.00,service_not_rendered
re_31896d598962,ch_2e024697adf9,2026-05-25 05:54:44,28.15,requested_by_customer
re_358bab022e79,ch_a7508605e5ca,2026-05-25 13:42:56,95.00,cancellation
re_75bf86f20453,ch_bb8823feb47c,2026-05-26 00:26:08,55.03,cancellation
re_962531d318c1,ch_8e817b8faa4c,2026-05-26 04:30:33,46.76,requested_by_customer
re_77b6468dc9df,ch_1133cbbf04e7,2026-05-26 12:47:05,43.84,cancellation
re_1d442831b14b,ch_a79e7f1366a4,2026-05-26 13:38:26,42.87,cancellation
re_de6b907cd6db,ch_341b65108643,2026-05-26 18:49:21,159.99,service_not_rendered
re_7653e5a47123,ch_003c9deb7ef9,2026-05-27 00:37:49,144.99,requested_by_customer
re_ccbc80851f1b,ch_31d795a44cc6,2026-05-27 05:54:52,120.00,cancellation
re_91bfcfef325d,ch_0cf1b3dff2ae,2026-05-27 10:17:58,110.00,cancellation
re_e9af2a32ed99,ch_ff72c0e48d17,2026-05-28 09:22:14,23.14,requested_by_customer
re_9d2deefc2127,ch_d73be63d3c49,2026-05-28 22:19:02,104.99,service_not_rendered
re_b43b489c919a,ch_c86768903c3f,2026-05-29 08:36:52,52.98,cancellation
re_f99c611d725c,ch_7c232c42f76f,2026-05-29 19:13:48,95.00,requested_by_customer
re_ffe1d3c26b79,ch_597da10aba56,2026-05-31 08:33:37,110.00,service_not_rendered
re_fd907356a5e8,ch_6df9a8b4a268,2026-06-02 00:01:08,35.39,cancellation
re_d74d03a6c8dc,ch_169642aee275,2026-06-02 19:06:09,29.01,requested_by_customer
re_15648b94fea7,ch_338eaab18ef6,2026-06-02 23:57:29,60.47,cancellation
re_40538d4bcd7e,ch_a60f0ee197b7,2026-06-03 11:15:43,36.91,cancellation
re_03cab165d3e5,ch_f00d4d5272ea,2026-06-04 19:15:39,79.28,requested_by_customer
re_989d19cd4873,ch_505c17fbc9e8,2026-06-04 19:23:52,160.00,requested_by_customer
re_5e93133e8c73,ch_f0db68321a5e,2026-06-04 20:28:00,110.00,requested_by_customer
re_64555370cec5,ch_43dbac11cadf,2026-06-04 22:24:59,110.00,requested_by_customer
re_327916c4b1bf,ch_1a001ba49472,2026-06-05 10:37:04,120.00,requested_by_customer
re_ecbb56d14c39,ch_eb65db494df2,2026-06-05 19:04:12,149.99,cancellation
re_8085bef15f39,ch_32feec50d208,2026-06-06 01:48:51,110.00,requested_by_customer
re_85fa7dd61382,ch_0c9cdbb8cc84,2026-06-06 02:07:12,34.76,requested_by_customer
re_e48a0e505513,ch_a35956a76eaf,2026-06-06 04:36:00,149.99,cancellation
re_32020ac00ed9,ch_718266a27122,2026-06-06 19:50:09,47.14,requested_by_customer
re_80af3a466f0d,ch_a4f1684ce9ea,2026-06-07 01:50:13,63.20,cancellation
re_4e95b3b3f3e0,ch_2497e5c9de85,2026-06-07 04:59:13,90.00,cancellation
re_311c9eb07654,ch_7fe0efe274ef,2026-06-07 05:04:21,29.28,requested_by_customer
re_1d340a40f304,ch_7d9b45327585,2026-06-07 07:36:45,70.13,cancellation
re_b594cec27494,ch_bc3ef79debd7,2026-06-07 16:24:17,39.82,requested_by_customer
re_3d553610fd93,ch_34a85186820e,2026-06-08 03:25:30,55.23,cancellation
re_2b54163f9e44,ch_634ad4e588af,2026-06-08 06:50:59,110.00,requested_by_customer
re_4398728f9a0f,ch_f12e8c893288,2026-06-08 17:48:00,95.00,requested_by_customer
re_b6ec64e999ab,ch_bfd52dcd7fa0,2026-06-10 05:49:17,160.00,requested_by_customer
re_97e040428c6d,ch_0f018cb1df82,2026-06-11 05:04:50,95.00,requested_by_customer
re_001db5d2eeb8,ch_c36f1c2896dd,2026-06-11 08:03:31,110.00,service_not_rendered
re_fc49f6ebd122,ch_873d41998481,2026-06-11 21:33:00,75.00,requested_by_customer
re_bb8c95a1d6fd,ch_266a20a63ef9,2026-06-12 09:23:44,24.31,cancellation
re_b1c119736ccf,ch_07f41aa328bc,2026-06-12 18:03:29,50.52,service_not_rendered
re_6d25e1487a97,ch_e720eea6c6c7,2026-06-13 05:44:57,90.00,requested_by_customer
re_863e173e9684,ch_31bd312daac3,2026-06-14 16:28:48,75.00,requested_by_customer
re_747633b3ba07,ch_40e14c737fea,2026-06-14 21:58:48,110.00,cancellation
re_790a3347319d,ch_c4a651293ae7,2026-06-15 00:09:14,40.77,cancellation
re_0b34d48f1a6f,ch_7a4c2101f2be,2026-06-15 02:16:45,95.00,cancellation
re_4a417296f71d,ch_432a50b84c9a,2026-06-15 18:18:38,75.00,requested_by_customer
re_e5d6c4a2b6e7,ch_dae4c7b59ff2,2026-06-16 12:46:29,164.99,cancellation
re_6e7257a2842a,ch_6b45466b182b,2026-06-16 16:37:33,23.39,requested_by_customer
re_5f54bd9ef12e,ch_06ba980dda15,2026-06-16 16:51:01,95.00,cancellation
re_00c86e4bd4f8,ch_133fd7fe52bd,2026-06-16 21:59:31,46.11,cancellation
re_78f4ff7ee1e4,ch_ede09c0256f6,2026-06-16 23:02:10,30.84,cancellation
re_af7bbabdc622,ch_757ed4f95f22,2026-06-17 00:15:35,150.00,service_not_rendered
re_9377597200fb,ch_61cdc442a9c7,2026-06-17 12:47:51,120.00,requested_by_customer
re_59a2bca870cf,ch_707fed71e6bc,2026-06-20 05:37:32,75.00,service_not_rendered
re_e8fc57fe485f,ch_fd8665c0ade1,2026-06-20 10:37:44,35.03,requested_by_customer
re_7dae572aeaa2,ch_6c0b700390b9,2026-06-22 01:19:47,86.17,requested_by_customer
re_13085c108b7a,ch_6c70225a8f3d,2026-06-22 02:05:45,89.54,requested_by_customer
re_b51dd45cc744,ch_7bb7bee59638,2026-06-22 02:28:24,19.74,service_not_rendered
re_ce779aa0dcf8,ch_5c99186108c2,2026-06-22 09:23:44,95.00,service_not_rendered
re_7e6a5ef57d2d,ch_856a2100eab9,2026-06-22 10:56:43,150.00,requested_by_customer
re_a3d644986ef4,ch_84f4e955fab9,2026-06-22 15:41:52,95.00,requested_by_customer
re_f567034fe338,ch_69a10468487d,2026-06-22 17:56:12,78.33,service_not_rendered
re_d048d91d3320,ch_0a76789423a7,2026-06-23 17:22:31,66.00,requested_by_customer
re_9bda5158df35,ch_8adad9bb6d76,2026-06-24 01:09:27,44.16,cancellation
re_b2e1bc9a13d7,ch_a482c80df485,2026-06-26 12:00:22,174.99,requested_by_customer
re_6cdc49137f07,ch_d69636cf4fe6,2026-06-26 21:36:43,90.00,service_not_rendered
re_e4759b5b6cdc,ch_48497bb96a5e,2026-06-27 00:07:04,120.00,service_not_rendered
re_61e3e892ea90,ch_7086a1bdb6bb,2026-06-27 13:36:18,38.25,requested_by_customer
re_851ea57d19b9,ch_88e952dde868,2026-06-27 22:28:06,150.00,service_not_rendered
re_3024ca182147,ch_80bf5e26853a,2026-06-27 22:39:32,150.00,requested_by_customer
re_f9ff44473e4c,ch_24ce9ee8966d,2026-06-28 07:02:55,95.00,requested_by_customer
re_904f2ecc6690,ch_e9efdd8c8e68,2026-06-28 07:56:10,95.00,cancellation
re_b91068d656b4,ch_2d52cdb4604a,2026-06-28 21:34:34,160.00,cancellation
re_495224c48433,ch_26c2ed085151,2026-06-29 04:39:55,32.62,service_not_rendered
re_a8503189f002,ch_022d1767f99d,2026-06-29 07:26:27,110.00,requested_by_customer
re_f4df291e55c8,ch_49f49a5dfef4,2026-07-01 06:06:09,67.60,service_not_rendered
re_1e70bc3187d0,ch_a3ed4be90b31,2026-07-01 07:09:43,27.18,cancellation
re_6d312bd6c90e,ch_af73623bb95e,2026-07-01 22:08:16,95.00,cancellation
re_826add097924,ch_71bef3400b36,2026-07-02 12:27:10,45.89,cancellation
re_7f352e4610c1,ch_0797842d1773,2026-07-02 13:10:07,95.00,requested_by_customer
re_16516ddc2a06,ch_80e01ecc7a34,2026-07-03 02:33:36,67.69,requested_by_customer
re_34601f5972c1,ch_f9a935a7d7d2,2026-07-03 10:58:33,43.62,requested_by_customer
re_7841f82c6230,ch_088f3c012411,2026-07-03 18:35:32,46.45,service_not_rendered
re_b7f03903cde9,ch_34c9363fcdff,2026-07-03 21:21:50,110.00,requested_by_customer
re_70726804cbb0,ch_a14ac56da26b,2026-07-04 00:36:12,90.00,requested_by_customer
re_85fc3cd7e510,ch_41b848a247b1,2026-07-04 01:26:38,95.00,cancellation
re_c8af689df4df,ch_b0f7f52d7011,2026-07-04 15:15:15,95.00,service_not_rendered
re_a8ef14fda726,ch_59eef7d8296e,2026-07-04 15:17:31,95.00,cancellation
re_5db961887ba9,ch_536d9724b5ec,2026-07-04 22:37:38,25.01,requested_by_customer
re_65f448c52e8c,ch_70675302de9e,2026-07-05 02:12:26,160.00,cancellation
re_532879739e68,ch_97154354bd28,2026-07-05 09:01:25,72.03,requested_by_customer
re_e1de30a9cfe6,ch_c00d89e08a33,2026-07-05 14:22:42,164.99,requested_by_customer
re_8149acc703a8,ch_963533851788,2026-07-05 20:49:22,150.00,requested_by_customer
re_ae0f9f11bed7,ch_7db1ae1e5946,2026-07-05 21:42:48,124.99,requested_by_customer
re_0d7d60ead4ab,ch_6248e7e75136,2026-07-06 04:01:14,95.00,requested_by_customer
re_57e0ea1aa420,ch_30d73f07cf66,2026-07-06 04:23:33,90.00,requested_by_customer
re_748ad0473434,ch_c8b47b0b87ce,2026-07-06 09:32:19,90.00,requested_by_customer
re_ab7b5d400b20,ch_996d2b07b81e,2026-07-07 06:21:24,102.64,service_not_rendered
re_a9b4fd39498d,ch_4d9ec69f4eef,2026-07-08 01:24:27,95.00,requested_by_customer
re_70dfc0785749,ch_fc3e32530699,2026-07-08 06:59:38,41.96,requested_by_customer
re_2a498f9738ca,ch_062b0af3a04c,2026-07-08 12:26:22,120.00,cancellation
re_5b39b437ec2e,ch_0b7bd1a7279a,2026-07-09 01:10:19,32.52,requested_by_customer
re_3d8da810bf6c,ch_76e2aee12b69,2026-07-09 09:11:33,34.53,cancellation
re_ca429eecc71b,ch_2bee6e67cfc6,2026-07-09 22:46:10,120.00,service_not_rendered
re_066f626d4516,ch_7f687a94380b,2026-07-10 12:44:42,160.00,requested_by_customer
re_50a542e825b0,ch_012c62c7c00e,2026-07-10 16:56:58,95.00,cancellation
re_ded3bd8956f6,ch_1bf89a45d692,2026-07-10 23:53:59,56.39,cancellation
re_9b59d7e90d13,ch_022ce299242b,2026-07-11 19:39:10,47.99,requested_by_customer
re_4fdd62cb4004,ch_6545ca87c8a6,2026-07-12 01:02:26,75.00,cancellation
re_6232be38aa72,ch_4ce143207d50,2026-07-12 02:16:08,24.71,requested_by_customer
re_6b2c25f32647,ch_d1816bb216d7,2026-07-12 10:30:30,75.00,requested_by_customer
re_3013b3859d38,ch_68e249805d4e,2026-07-12 13:32:51,120.00,cancellation
re_33917b911f0a,ch_7308170a8652,2026-07-13 04:41:29,160.00,requested_by_customer
re_aa582a68a994,ch_6fbb14d5f101,2026-07-13 05:47:10,37.73,service_not_rendered
re_e35f938bb45b,ch_594140aab9a3,2026-07-13 10:56:03,32.26,cancellation
re_a1c9cb260a66,ch_1d50a5328016,2026-07-13 11:57:01,95.00,cancellation
re_11dc16326aee,ch_e9f5a49ed909,2026-07-13 14:43:15,90.00,cancellation
re_4f51ec862895,ch_8625f39091c7,2026-07-13 20:37:21,134.99,cancellation
re_6b7f06f3ce08,ch_68371eb95291,2026-07-14 02:54:08,75.00,service_not_rendered
re_63d0e6d844b6,ch_5e230d0d2b33,2026-07-14 03:24:23,95.00,cancellation
re_cfbb5df82088,ch_ad4193103db4,2026-07-14 10:20:32,120.00,requested_by_customer
re_e39e50c7c314,ch_186626dab192,2026-07-14 15:59:31,95.00,requested_by_customer
re_cbe527c16af1,ch_9207d1a8a32d,2026-07-14 17:25:59,160.00,cancellation
re_37d05a1f1cd7,ch_012c3de294dd,2026-07-14 18:42:28,149.99,requested_by_customer
re_e88a16e46652,ch_591321c98853,2026-07-14 20:33:00,28.53,requested_by_customer
re_b7d15ca8caf3,ch_9b418919eb1a,2026-07-14 21:58:51,90.00,cancellation
re_a125268e9657,ch_e9fd7d386d24,2026-07-15 05:39:21,95.00,service_not_rendered
re_01adacea77b4,ch_b44e6585ec50,2026-07-15 06:21:16,95.00,requested_by_customer
re_098605ef3a37,ch_3ab602a60a88,2026-07-15 09:19:48,71.04,service_not_rendered
re_54b3d6e6f743,ch_49d14e4e6de8,2026-07-15 17:15:03,23.12,service_not_rendered
re_3559ca5a5853,ch_6bef14a5b386,2026-07-16 07:14:17,90.00,requested_by_customer
re_348b4261bd24,ch_598141e3d00a,2026-07-16 21:14:17,75.00,requested_by_customer
re_a407ebfbba4c,ch_c59ea82a61f3,2026-07-16 21:21:08,40.01,cancellation
re_86800ab747e6,ch_99d152e40a56,2026-07-17 02:29:29,110.00,cancellation
re_cd5ef0474dee,ch_5764776f57d2,2026-07-17 07:06:25,120.00,requested_by_customer
re_2a544e39fa95,ch_7e34d4795b21,2026-07-18 07:27:12,119.99,requested_by_customer
re_2977e2268187,ch_6583a2532ddb,2026-07-18 13:02:56,32.51,service_not_rendered
re_29133ccc6ff8,ch_a36ee598a3ba,2026-07-18 18:36:00,95.00,requested_by_customer
re_4027005bc9d2,ch_d73520792317,2026-07-18 20:12:11,150.00,requested_by_customer
re_7c1c36f3b397,ch_6d6773c1b06a,2026-07-19 03:10:18,110.00,requested_by_customer
re_5f55ab5d5508,ch_323e63836997,2026-07-19 07:30:53,75.00,requested_by_customer
re_4966d073b6a7,ch_97bbf5d951df,2026-07-19 08:52:04,95.00,cancellation
re_fc0a64ace3b6,ch_03bf4dbef35b,2026-07-19 16:32:27,75.00,cancellation
re_85d83bf5bc88,ch_e76bf1f09aee,2026-07-19 17:27:41,160.00,requested_by_customer
re_ba0bb50a1225,ch_7d4bbfb9efc3,2026-07-20 00:55:47,110.00,requested_by_customer
re_ee1df83589c1,ch_0ff40ad652b1,2026-07-20 17:24:12,53.56,requested_by_customer
re_83b6d07de4d0,ch_c6a1d585af9b,2026-07-21 10:10:47,42.13,service_not_rendered
re_08c3c132683f,ch_b25bbac142d6,2026-07-21 16:59:31,46.42,requested_by_customer
re_9212124f58bf,ch_40f3343c8558,2026-07-21 17:07:13,28.86,requested_by_customer
re_3b26e15847d9,ch_65b11364450c,2026-07-22 00:01:53,134.99,cancellation
re_77fc1d558494,ch_557674522eda,2026-07-22 10:39:24,25.22,cancellation
re_7accbefc8608,ch_f1973e9b5da5,2026-07-22 16:21:18,95.00,requested_by_customer
re_115acd7bffff,ch_f4f8ddb16d38,2026-07-22 17:45:12,110.00,cancellation
re_393f6703b530,ch_f06fbc581a6e,2026-07-22 18:24:00,41.65,service_not_rendered
re_184abbdf806e,ch_11b121f92811,2026-07-22 19:43:30,160.00,cancellation
re_5d8e6a481160,ch_4f89cde982db,2026-07-23 00:56:11,54.76,requested_by_customer
re_71e27a42d4cf,ch_19ea05fb6e87,2026-07-23 04:17:09,95.00,service_not_rendered
re_be5677a5479c,ch_abaed9803ab3,2026-07-23 04:17:17,48.30,requested_by_customer
re_65563edf054e,ch_d56dd6b3a06d,2026-07-23 07:27:46,31.20,cancellation
re_065a9e23f23a,ch_faafdc8edb94,2026-07-23 10:55:17,45.39,requested_by_customer
re_227507ed916b,ch_fb99728238b9,2026-07-23 21:32:05,23.20,requested_by_customer
re_0149b13fab05,ch_25d9623669b1,2026-07-24 11:56:39,110.00,cancellation
re_e8efeacde11c,ch_d94d96a18ea7,2026-07-24 19:38:49,75.00,cancellation
re_5c2258ee0427,ch_3a2b2710c5ee,2026-07-25 08:34:30,17.22,cancellation
re_c75af890a9f5,ch_18fe123d5742,2026-07-25 11:58:46,46.06,service_not_rendered
re_72deb65c900f,ch_1bf4d065b939,2026-07-25 14:40:09,70.47,requested_by_customer
re_683a02abf71a,ch_2dab8173a87f,2026-07-25 15:28:43,42.70,service_not_rendered
re_c11200a0f320,ch_6888fe23fc3b,2026-07-25 15:48:33,90.00,cancellation
re_901ec90f6d3e,ch_e44f9a1ab218,2026-07-25 16:49:00,134.99,requested_by_customer
re_46201218ccd6,ch_1ce81a4b7d44,2026-07-25 17:03:13,120.00,requested_by_customer
re_a00643879d72,ch_56ad43be6e44,2026-07-25 22:52:17,45.74,cancellation
re_5e51a24fabde,ch_e09fc57f0f69,2026-07-26 07:53:25,75.00,service_not_rendered
re_e321b8247f64,ch_fa9f76ee0b7b,2026-07-27 00:06:40,56.27,requested_by_customer
re_dda4e0a7944a,ch_53d20231bfc8,2026-07-27 19:10:00,110.00,requested_by_customer
re_6c90b67ca434,ch_f81b4320e398,2026-07-28 00:41:36,49.71,requested_by_customer
re_40bb0b4e665f,ch_f212c62d7197,2026-07-28 19:03:06,160.00,cancellation
re_d5f9479feda0,ch_027803bbb194,2026-07-28 19:37:05,28.87,cancellation
re_6a06861e1e05,ch_59e5135d3cf8,2026-07-28 22:42:43,160.00,cancellation
re_daf9e01592c2,ch_43edc47c907b,2026-07-28 23:34:07,75.00,cancellation
re_0190a648817c,ch_cb4e2b1af9e7,2026-07-30 06:00:54,90.00,service_not_rendered
re_fa4485dfe1af,ch_687fb5d444a5,2026-07-30 10:32:39,90.00,requested_by_customer
re_f2f91243a5fe,ch_227b0464c013,2026-07-30 11:03:14,95.00,cancellation
re_eee7074c5da4,ch_35e21aa0a2d7,2026-07-30 23:14:05,95.00,requested_by_customer
re_418a96afa0fd,ch_95983f21c89b,2026-07-31 08:29:48,95.00,requested_by_customer
re_fa135b85a0c8,ch_aed38b7933bf,2026-07-31 16:08:52,110.00,requested_by_customer
re_f5794258f148,ch_fbd7ec1d6238,2026-07-31 17:03:04,150.00,requested_by_customer
re_101720ebfdc0,ch_dea09d996cf7,2026-07-31 19:03:05,160.00,cancellation
re_72813ba17d04,ch_c8a39a0a2b9d,2026-08-01 09:47:52,110.00,requested_by_customer
re_12976ee33186,ch_6965585f073e,2026-08-01 11:10:19,110.00,requested_by_customer
re_9114a07d1873,ch_3f1908fcf448,2026-08-01 18:13:12,95.00,requested_by_customer
re_8e180073edb1,ch_31869bb9c8e1,2026-08-02 04:03:44,90.00,requested_by_customer
re_929312f274fe,ch_46c5778f2642,2026-08-03 02:47:13,120.00,service_not_rendered
re_793de482a842,ch_ce2376026018,2026-08-03 03:48:47,120.00,requested_by_customer
re_686b995f5361,ch_860cd8cee688,2026-08-03 04:51:24,35.84,service_not_rendered
re_bd58b81a61de,ch_6c47d367cb94,2026-08-03 12:17:44,160.00,service_not_rendered
re_9a5aaa7d3f94,ch_109561b6da14,2026-08-03 13:04:38,95.00,service_not_rendered
re_6f4efd89aecf,ch_33c0e57241c2,2026-08-03 23:23:55,160.00,requested_by_customer
re_f0b2b245b3bb,ch_7ac8daf0fccd,2026-08-05 12:19:13,25.91,requested_by_customer
re_ee9a07854a4f,ch_b1da974cdcb4,2026-08-05 13:15:43,110.00,requested_by_customer
re_fd47ca4449e1,ch_296dc6dba4bd,2026-08-05 14:30:16,110.00,requested_by_customer
re_8b86fad764b3,ch_3cf4541caafd,2026-08-06 04:49:40,95.00,requested_by_customer
re_a21cae57f921,ch_981c1d0c4010,2026-08-06 05:59:21,38.84,cancellation
re_6082c037e772,ch_900b4f767abf,2026-08-06 06:01:39,58.59,requested_by_customer
re_dc907da8b5d1,ch_2721d8094e69,2026-08-06 22:38:45,28.42,requested_by_customer
re_bc453feb1b6d,ch_8f63ceac3fd7,2026-08-07 04:20:57,95.00,cancellation
re_1955bff00766,ch_dd4f0baf33f9,2026-08-07 13:14:09,44.10,service_not_rendered
re_4c44151b6315,ch_0455e547b69a,2026-08-08 13:56:10,36.38,requested_by_customer
re_6270225cae6f,ch_c12d7a3f8664,2026-08-08 17:35:45,95.00,requested_by_customer
re_5a688a0a8af7,ch_45067e3d5eac,2026-08-08 19:14:59,75.00,requested_by_customer
re_20d8aa9ac867,ch_875f08a0337d,2026-08-08 22:57:36,61.02,cancellation
re_dc14ac9f1448,ch_1da093be47db,2026-08-09 11:01:35,32.93,service_not_rendered
re_c4bdd4f18e05,ch_8ce1570b0499,2026-08-09 11:56:01,19.19,requested_by_customer
re_f86c902cd23b,ch_46790cb7da9a,2026-08-09 19:09:40,150.00,requested_by_customer
re_bf93a532e6f8,ch_e536ef7f2538,2026-08-10 01:03:19,44.61,service_not_rendered
re_aa89b4d480ed,ch_9f1fb142e6a8,2026-08-10 08:03:35,59.14,service_not_rendered
re_dbbf90bb5a89,ch_439241101802,2026-08-10 21:17:08,27.64,requested_by_customer
re_47c7059f36eb,ch_69db90922e90,2026-08-11 01:53:25,78.43,cancellation
re_58b8ec4c47f3,ch_fed39aee7e50,2026-08-12 02:16:58,66.08,requested_by_customer
re_ce67a7ca48f7,ch_9ce47f2c0900,2026-08-12 06:31:56,110.00,service_not_rendered
re_540b0b63851f,ch_bbb707a2a100,2026-08-12 14:12:13,46.02,requested_by_customer
re_f96bb2516b34,ch_d4d8961e4d06,2026-08-13 01:02:25,43.27,requested_by_customer
re_3b0105b377b8,ch_0c9ba75cf40f,2026-08-13 04:48:11,34.70,cancellation
re_27fedf665382,ch_ec370f4ad8bc,2026-08-13 15:00:28,43.48,requested_by_customer
re_56ee822acd84,ch_fcf7d0493651,2026-08-14 02:25:25,160.00,requested_by_customer
re_8aea3da06af3,ch_535915f5f14f,2026-08-14 05:08:04,119.99,requested_by_customer
re_12bcbb3fe22e,ch_7b7f9b42967c,2026-08-14 08:35:47,110.00,requested_by_customer
re_6d3df5f314e4,ch_38d45dda93e7,2026-08-14 23:26:35,60.92,requested_by_customer
re_6f41532128d3,ch_d75a672f4cb1,2026-08-16 01:25:45,120.00,cancellation
re_bc70155537b7,ch_9776ea5071d8,2026-08-16 05:47:20,64.47,requested_by_customer
re_82826b1084f0,ch_b81277d41002,2026-08-16 07:55:20,95.00,requested_by_customer
re_338cbe6ae685,ch_28f25e42a78b,2026-08-17 03:47:01,110.00,cancellation
re_c701c1f7feb9,ch_c2c49a7a1f0b,2026-08-17 07:17:07,21.01,cancellation
re_9439d657dc20,ch_b1ae04ed61e1,2026-08-17 18:39:41,95.00,requested_by_customer
re_c23395f18dd1,ch_17a3e0597f91,2026-08-17 20:18:00,120.00,requested_by_customer
re_99870369187a,ch_5ed6e148eb4e,2026-08-19 04:30:41,51.27,cancellation
re_03c28baa945f,ch_fe817ed51831,2026-08-19 08:18:12,90.00,cancellation
re_b29c04d1de16,ch_f6c3c8b1f6ba,2026-08-19 09:09:24,57.43,requested_by_customer
re_07b3bd69c531,ch_631106c839da,2026-08-19 14:11:47,150.00,requested_by_customer
re_7c17be6aefc9,ch_99ff2394cee7,2026-08-19 22:20:57,22.33,cancellation
re_355503500a75,ch_e744e26e7681,2026-08-20 11:45:39,95.00,service_not_rendered
re_8b8a3ee2ef4b,ch_99289f879f41,2026-08-20 13:30:34,75.00,requested_by_customer
re_20a42371449e,ch_5ca87e9631be,2026-08-21 01:28:54,184.99,requested_by_customer
re_b456b0ab409f,ch_6c5e6bc3a7f0,2026-08-21 03:47:48,50.83,requested_by_customer
re_8a247bf84469,ch_2da6347a6671,2026-08-21 16:21:09,134.99,service_not_rendered
re_e88da4ccfa6c,ch_af2cb131128f,2026-08-21 21:15:48,20.20,cancellation
re_bf0dbdcdc936,ch_db0e43e234df,2026-08-21 21:57:28,50.50,requested_by_customer
re_52efc4d56cbb,ch_1a44d79b4b1b,2026-08-22 01:26:04,75.00,cancellation
re_d88fb8c60eb6,ch_95b4ee78ef42,2026-08-22 07:30:41,62.09,requested_by_customer
re_915d69fec076,ch_979c07211e55,2026-08-22 15:57:00,120.00,requested_by_customer
re_e8890f1a4f94,ch_afbca39a3478,2026-08-22 16:21:58,64.09,cancellation
re_f3bb369649ca,ch_267eb5220bee,2026-08-22 19:26:24,110.00,requested_by_customer
re_8224a75cc494,ch_ebbdc5f038d3,2026-08-22 21:04:22,90.00,service_not_rendered
re_de8a5aed79fb,ch_a786df021a40,2026-08-22 22:37:08,95.00,cancellation
re_ab33d12ddf80,ch_d85a4404b798,2026-08-23 04:21:18,95.00,cancellation
re_0f25338d53b0,ch_8713d259585f,2026-08-23 07:21:29,160.00,service_not_rendered
re_d15d690be86b,ch_86a36ac35069,2026-08-23 17:31:55,120.00,cancellation
re_c8342053daee,ch_2f45bb20d76d,2026-08-24 07:06:10,150.00,cancellation
re_126449d01a8d,ch_1c09e5e1b70c,2026-08-24 10:01:59,54.95,cancellation
re_4376f1f5d93e,ch_80f8afb9b372,2026-08-25 17:37:57,95.00,service_not_rendered
re_015b9e736029,ch_529e2fe196c4,2026-08-27 11:05:15,90.00,requested_by_customer
re_29c87fda7949,ch_30f810adde51,2026-08-27 11:29:15,184.99,requested_by_customer
re_1e625d04c535,ch_0bfad447eeae,2026-08-27 12:00:59,32.62,service_not_rendered
re_7df2408080f9,ch_19b902f8b668,2026-08-28 10:06:41,32.35,service_not_rendered
re_f7f65cf20bdd,ch_3aa740308f4c,2026-08-28 19:36:05,37.17,requested_by_customer
re_ddb17dd07ee0,ch_78ee134b9608,2026-08-29 02:05:59,95.00,cancellation
re_87a647e6514b,ch_db50926a87d8,2026-08-29 07:06:52,199.99,requested_by_customer
re_e559391fa5af,ch_7d5deb08e111,2026-08-29 15:04:00,110.00,requested_by_customer
re_5fe66f8b0db0,ch_0accb567a9eb,2026-08-29 21:53:57,90.00,cancellation
re_34192afd0ad5,ch_e21e145c7c49,2026-08-30 16:38:32,37.72,requested_by_customer
re_0a0586c493a6,ch_ef8548c583a9,2026-08-31 00:25:57,41.14,cancellation
re_47585e2ee79b,ch_b08b9962dc13,2026-08-31 10:58:15,38.57,service_not_rendered
re_4da7ad0f0e9b,ch_75fdb12bfce1,2026-08-31 20:29:59,40.77,requested_by_customer
re_8b6e8ea6d86b,ch_63c08b338422,2026-08-31 23:37:08,88.64,requested_by_customer
re_ba2b450d5049,ch_1bc7fca6d874,2026-09-01 05:53:55,34.65,requested_by_customer
re_5d299c541123,ch_c3718a9c16a7,2026-09-01 08:54:15,110.00,requested_by_customer
re_f5ddfa1957e0,ch_52f7cb21ca7c,2026-09-01 10:24:39,199.99,cancellation
re_86b9b37948eb,ch_eaf2d91ddf60,2026-09-01 19:49:20,54.78,requested_by_customer
re_c2d11c38a2e4,ch_d8b1c8e5f392,2026-09-02 10:59:09,159.99,cancellation
re_e874cb9d2273,ch_03687beccf0f,2026-09-02 18:34:28,50.79,service_not_rendered
re_f2222c61b78f,ch_25d5f276b0eb,2026-09-02 22:46:00,95.00,requested_by_customer
re_5cc1dd070c2c,ch_f44ae68455e5,2026-09-03 03:35:37,63.59,requested_by_customer
re_a9479a5e79e9,ch_a7cfb464107f,2026-09-03 20:18:28,110.00,service_not_rendered
re_1370cce9600a,ch_9644adbc9671,2026-09-04 08:10:00,36.19,cancellation
re_d517f43c17bf,ch_34e7abb007ea,2026-09-04 08:48:08,95.00,service_not_rendered
re_e1fc9c688d10,ch_678d423b0305,2026-09-04 11:05:03,160.00,service_not_rendered
re_35e0d5c0b162,ch_9a54f2bc306d,2026-09-04 16:01:54,150.00,service_not_rendered
re_eb5c693ce2d1,ch_4a5b7566f52a,2026-09-04 16:46:47,68.70,service_not_rendered
re_0bd90f9b4af8,ch_1bf064191124,2026-09-05 00:24:28,95.00,cancellation
re_b190c0591ffd,ch_d5d7232f9c76,2026-09-05 08:30:20,35.94,service_not_rendered
re_bfdc892d6177,ch_488ed69f9309,2026-09-05 09:18:03,95.00,service_not_rendered
re_d32d20452f81,ch_55391a9a90ec,2026-09-05 17:58:09,42.82,service_not_rendered
re_e6cebac45a66,ch_97241afb6d04,2026-09-05 19:09:26,109.99,requested_by_customer
re_031617d927f9,ch_c9e56c13b290,2026-09-06 12:49:06,95.00,requested_by_customer
re_d44dc70bc9f3,ch_b6c5d841a82d,2026-09-06 14:22:44,120.00,requested_by_customer
re_119f957bad67,ch_17e887210198,2026-09-06 15:58:17,120.00,requested_by_customer
re_d3705f997fc0,ch_c5f08ae30c6a,2026-09-06 19:16:27,95.00,cancellation
re_fc43d931b608,ch_b0f87504cc31,2026-09-07 11:35:51,120.00,requested_by_customer
re_43dcce9f1867,ch_f3cacc85eef6,2026-09-07 13:13:42,86.99,cancellation
re_1a4c6a812cf1,ch_df92b8e256cd,2026-09-07 13:45:43,27.01,requested_by_customer
re_2a5b28e63fb3,ch_a07c0021eaae,2026-09-07 15:50:07,36.42,cancellation
re_89807d15327e,ch_30b5515b78bb,2026-09-07 22:45:25,42.87,requested_by_customer
re_aa67a3ba7b60,ch_917c1482cc21,2026-09-08 06:31:31,120.00,cancellation
re_ba44a4c9762b,ch_3fa7348fbcbb,2026-09-08 13:56:25,134.99,requested_by_customer
re_ed9f3e5ab4e5,ch_29313aace9ec,2026-09-09 00:40:02,60.31,service_not_rendered
re_68b51fbcf19a,ch_939270217ed1,2026-09-09 08:30:21,160.00,cancellation
re_f461f645ce82,ch_63c949d0c796,2026-09-09 08:34:09,41.59,requested_by_customer
re_66d6c6f96b49,ch_54b19c14b01f,2026-09-09 10:28:11,120.00,cancellation
re_3efc5e9a6463,ch_bfdea7211307,2026-09-09 18:14:17,110.00,service_not_rendered
re_ea16836af387,ch_269ea1a60cb3,2026-09-09 20:05:02,43.84,requested_by_customer
re_3d10f7c72ca2,ch_0d029d2c624e,2026-09-10 09:24:24,110.00,requested_by_customer
re_ec57a828caf9,ch_f71851918f69,2026-09-10 19:47:51,39.66,cancellation
re_30be9612bdba,ch_4352f3d95352,2026-09-10 23:55:14,90.00,cancellation
re_aa37f28f9d7a,ch_a4aef9664397,2026-09-11 09:06:07,150.00,requested_by_customer
re_33312339b287,ch_c9e7452727da,2026-09-11 11:52:58,110.00,service_not_rendered
re_4d9cd7be0494,ch_82ec672b94f5,2026-09-11 20:52:58,16.57,service_not_rendered
re_25bf47f68e82,ch_f92cbbff74a9,2026-09-12 02:55:55,95.00,requested_by_customer
re_c522695ad89b,ch_171046b81735,2026-09-12 07:48:38,22.55,requested_by_customer
re_8702f1047854,ch_7fb6e966aa51,2026-09-12 08:05:35,95.00,requested_by_customer
re_0d14850c6dcb,ch_e892f99bfea4,2026-09-12 11:25:35,95.00,cancellation
re_dfaa4d6a60fa,ch_c0dfd31b0aea,2026-09-12 17:51:37,48.39,requested_by_customer
re_d33b7bf19b1e,ch_88907774d481,2026-09-12 20:53:28,120.00,cancellation
re_9d0eb333434a,ch_4109c3937491,2026-09-13 04:13:01,61.06,cancellation
re_69cc62e770b4,ch_8ec5eec192d9,2026-09-13 15:12:59,110.00,service_not_rendered
re_5d851e99feb7,ch_f94b283a73b0,2026-09-13 16:12:26,95.00,service_not_rendered
re_f2a0d9f351c4,ch_4164c86bc29f,2026-09-13 17:45:05,149.99,cancellation
re_a00e46b63fa2,ch_d124124884d1,2026-09-13 23:11:20,88.00,requested_by_customer
re_87028498572b,ch_ec2b30acb1cd,2026-09-14 03:16:13,160.00,cancellation
re_dbdac680ebbd,ch_9455ee213cd5,2026-09-14 11:38:15,95.00,cancellation
re_0ecb8d6a57b6,ch_aba31a2631da,2026-09-14 14:15:56,75.00,requested_by_customer
re_28c99cfe9323,ch_1a26e389fd9a,2026-09-14 14:38:28,159.99,requested_by_customer
re_ceaab20e903a,ch_e580de268dab,2026-09-15 00:32:22,30.68,cancellation
re_f65ca0d69bd0,ch_6680a3ee81f1,2026-09-17 08:11:32,90.00,requested_by_customer
re_799da713129d,ch_6f610d7fbb42,2026-09-17 12:56:08,150.00,requested_by_customer
re_c6cfd77a30d2,ch_62e67222ed80,2026-09-17 19:04:41,33.12,requested_by_customer
re_04aa7ef81ebf,ch_23d2972228c3,2026-09-17 20:35:04,90.00,requested_by_customer
re_2618df5c0c87,ch_537d2412a510,2026-09-17 21:41:22,160.00,requested_by_customer
re_24d8fea49876,ch_99f3b0b7f9ba,2026-09-18 14:41:34,94.99,requested_by_customer
re_11443d304031,ch_6c10c4b12cb2,2026-09-19 06:21:20,95.00,service_not_rendered
re_d9c2eebb9e6b,ch_313310879bdf,2026-09-19 15:58:11,28.36,cancellation
re_7d4660e85783,ch_8c6a3224ccc9,2026-09-20 00:54:33,95.00,service_not_rendered
re_667ca2415f09,ch_8b67dc8d319a,2026-09-20 08:04:45,17.83,cancellation
re_f62c8b479bf5,ch_bf3c2a7c63af,2026-09-20 10:28:24,90.00,cancellation
re_d461119b6366,ch_fe5a4dc80592,2026-09-21 06:46:46,120.00,cancellation
re_ffda028f9a42,ch_3eba08819ccd,2026-09-21 10:53:28,95.00,requested_by_customer
re_46d785d1dbfd,ch_15921fbf13b8,2026-09-21 11:44:55,27.86,cancellation
re_ed2294897179,ch_62cface435fd,2026-09-21 22:24:25,75.00,requested_by_customer
re_1141d86b0ad3,ch_51180247b0b4,2026-09-22 05:31:39,99.99,cancellation
re_9c0306a964f8,ch_a2122ab74f5d,2026-09-22 08:14:35,56.40,requested_by_customer
re_988b739e185a,ch_064da6d462fd,2026-09-22 14:10:48,66.30,requested_by_customer
re_7b3eceba018f,ch_129d3a234f9a,2026-09-23 02:01:37,40.08,requested_by_customer
re_806428c5d762,ch_65e5def33361,2026-09-23 05:51:30,53.53,cancellation
re_1f831b97ff09,ch_f66b43569d23,2026-09-23 07:26:49,120.00,cancellation
re_e7122060c387,ch_c07b382cafa5,2026-09-23 09:04:02,160.00,requested_by_customer
re_43d5dbfad94b,ch_86e4d03bad62,2026-09-23 10:52:01,110.00,cancellation
re_a9db2d733249,ch_bdd43267d9d5,2026-09-23 14:39:02,90.00,requested_by_customer
re_c95f023df0d2,ch_6e26bbb08d74,2026-09-23 20:44:12,52.62,requested_by_customer
re_4d74465f69bb,ch_4b9f255961ba,2026-09-23 20:51:32,120.00,requested_by_customer
re_5e75db59d41b,ch_6b05f311bf87,2026-09-24 01:07:12,160.00,cancellation
re_fa18f76d115a,ch_f18a219f6e0b,2026-09-24 01:07:53,95.00,service_not_rendered
re_02b0d9d8a877,ch_94b7866e43f7,2026-09-24 05:28:27,83.94,requested_by_customer
re_9941ebc3c768,ch_22d5bd158230,2026-09-24 09:14:28,90.00,cancellation
re_4538087a0787,ch_3ee713200268,2026-09-24 21:21:06,95.00,service_not_rendered
re_0c3fc927c462,ch_f122b108d03d,2026-09-25 19:44:48,110.00,service_not_rendered
re_6b67f7b359cd,ch_da9a9212015b,2026-09-26 08:20:24,110.00,requested_by_customer
re_14a052687ba3,ch_b79a9b0e8679,2026-09-26 15:03:05,150.00,cancellation
re_2e8496bf327c,ch_8e507eef667e,2026-09-26 16:28:30,67.57,requested_by_customer
re_4124c3f63916,ch_0e500a32f9fd,2026-09-26 18:02:52,150.00,cancellation
re_7004a6d811d3,ch_1925f8cca2dc,2026-09-26 22:18:48,110.00,cancellation
re_e4e983d34664,ch_f9bd80c4a8c7,2026-09-26 23:47:01,90.00,requested_by_customer
re_a404461df129,ch_0bafe923cf26,2026-09-27 19:10:26,150.00,requested_by_customer
re_2c4b74d648bd,ch_8a97e17d6d45,2026-09-28 03:36:31,26.94,requested_by_customer
re_005493379c29,ch_9271eed771bf,2026-09-28 03:39:18,160.00,requested_by_customer
re_0fa93c9b8be2,ch_537ee85af124,2026-09-28 05:15:01,90.00,cancellation
re_e8a7d78f1811,ch_dfa21cc46557,2026-09-28 08:51:13,95.00,requested_by_customer
re_7f00659abaec,ch_8611d0a99efe,2026-09-29 00:35:57,15.74,requested_by_customer
re_436a61c66c7c,ch_2147a0447639,2026-09-29 06:29:59,160.00,requested_by_customer
re_7c2f0e5c1052,ch_2631f88890df,2026-09-30 01:31:15,150.00,requested_by_customer
re_d64a74b8de22,ch_a882b857c1ca,2026-10-01 11:02:19,109.99,service_not_rendered
re_4433384f1f03,ch_c6ad1f20711d,2026-10-01 13:37:02,36.96,requested_by_customer
re_41677cec9385,ch_aa943eb1ec57,2026-10-01 19:44:33,54.53,requested_by_customer
re_59949bb75963,ch_2b59443e9e96,2026-10-02 14:39:31,120.00,cancellation
re_c543282b965d,ch_2db15f7ff861,2026-10-03 09:22:54,160.00,service_not_rendered
re_77128d6c6e4f,ch_4b0cb557b611,2026-10-03 14:16:33,95.00,cancellation
re_d2f8dac10cfb,ch_87a2c91979fb,2026-10-04 01:39:02,40.55,requested_by_customer
re_b76d3aea4a07,ch_28da25f7c73e,2026-10-04 11:41:08,95.00,cancellation
re_fba53e20d108,ch_8d826bc531ce,2026-10-04 14:20:37,18.15,requested_by_customer
re_94be2f3c9117,ch_5d4eae8f8d73,2026-10-04 16:44:33,110.00,requested_by_customer
re_ae40608ab15c,ch_f35f8b0ba13f,2026-10-04 17:41:31,95.00,requested_by_customer
re_45a3748fa014,ch_a9289ff168a9,2026-10-04 17:45:44,144.99,requested_by_customer
re_a70e81e20ff6,ch_e551efcbf72e,2026-10-04 22:07:27,150.00,cancellation
re_a0537384b573,ch_58fd1938e33f,2026-10-05 06:16:06,114.99,service_not_rendered
re_25a69d8c876f,ch_09ece75f740e,2026-10-05 10:56:58,95.00,requested_by_customer
re_4817b87496f7,ch_980a088731e6,2026-10-05 13:14:00,28.40,requested_by_customer
